,tickerID
0,1301
1,1332
2,1333
3,1352
4,1375
5,1376
6,1377
7,1379
8,1380
9,1381
10,1382
11,1383
12,1384
13,1400
14,1401
15,1407
16,1413
17,1414
18,1417
19,1418
20,1419
21,1420
22,1429
23,1430
24,1431
25,1433
26,1434
27,1435
28,1436
29,1439
30,1443
31,1446
32,1447
33,1448
34,1450
35,1451
36,1491
37,1514
38,1515
39,1518
40,1605
41,1662
42,1663
43,1711
44,1712
45,1716
46,1717
47,1718
48,1719
49,1720
50,1721
51,1723
52,1724
53,1726
54,1730
55,1736
56,1737
57,1739
58,1743
59,1757
60,1758
61,1762
62,1764
63,1766
64,1768
65,1770
66,1773
67,1775
68,1776
69,1780
70,1783
71,1786
72,1787
73,1788
74,1789
75,1793
76,1795
77,1798
78,1799
79,1801
80,1802
81,1803
82,1805
83,1807
84,1808
85,1810
86,1811
87,1812
88,1813
89,1814
90,1815
91,1820
92,1821
93,1822
94,1826
95,1827
96,1828
97,1833
98,1835
99,1840
100,1841
101,1844
102,1847
103,1848
104,1850
105,1852
106,1853
107,1860
108,1861
109,1866
110,1867
111,1870
112,1871
113,1873
114,1878
115,1879
116,1881
117,1882
118,1884
119,1885
120,1887
121,1888
122,1890
123,1893
124,1897
125,1898
126,1899
127,1904
128,1905
129,1909
130,1911
131,1914
132,1921
133,1925
134,1926
135,1928
136,1929
137,1930
138,1934
139,1938
140,1939
141,1941
142,1942
143,1944
144,1945
145,1946
146,1948
147,1949
148,1950
149,1951
150,1952
151,1954
152,1959
153,1960
154,1961
155,1963
156,1964
157,1965
158,1966
159,1967
160,1968
161,1969
162,1971
163,1972
164,1973
165,1975
166,1976
167,1979
168,1980
169,1981
170,1982
171,1992
172,1994
173,1997
174,2001
175,2002
176,2003
177,2004
178,2009
179,2053
180,2055
181,2060
182,2107
183,2108
184,2109
185,2112
186,2114
187,2117
188,2120
189,2121
190,2122
191,2124
192,2127
193,2130
194,2134
195,2136
196,2138
197,2139
198,2146
199,2148
200,2150
201,2152
202,2153
203,2154
204,2156
205,2157
206,2158
207,2159
208,2160
209,2162
210,2163
211,2164
212,2168
213,2169
214,2170
215,2173
216,2175
217,2176
218,2178
219,2179
220,2180
221,2181
222,2183
223,2185
224,2186
225,2191
226,2193
227,2195
228,2196
229,2198
230,2201
231,2204
232,2206
233,2207
234,2208
235,2209
236,2211
237,2212
238,2215
239,2216
240,2217
241,2220
242,2221
243,2222
244,2224
245,2226
246,2229
247,2264
248,2266
249,2267
250,2268
251,2269
252,2270
253,2281
254,2282
255,2286
256,2288
257,2291
258,2292
259,2293
260,2294
261,2296
262,2300
263,2301
264,2303
265,2304
266,2305
267,2307
268,2309
269,2311
270,2315
271,2317
272,2321
273,2323
274,2325
275,2326
276,2327
277,2329
278,2330
279,2331
280,2332
281,2334
282,2335
283,2337
284,2338
285,2340
286,2341
287,2342
288,2344
289,2345
290,2349
291,2351
292,2352
293,2353
294,2354
295,2359
296,2370
297,2371
298,2372
299,2373
300,2374
301,2375
302,2376
303,2378
304,2379
305,2384
306,2385
307,2388
308,2389
309,2391
310,2393
311,2395
312,2397
313,2402
314,2404
315,2406
316,2408
317,2410
318,2411
319,2412
320,2413
321,2415
322,2418
323,2424
324,2425
325,2427
326,2428
327,2429
328,2432
329,2433
330,2435
331,2436
332,2437
333,2438
334,2440
335,2445
336,2449
337,2453
338,2454
339,2459
340,2461
341,2462
342,2464
343,2468
344,2469
345,2471
346,2475
347,2477
348,2479
349,2480
350,2481
351,2483
352,2484
353,2485
354,2487
355,2488
356,2489
357,2491
358,2492
359,2493
360,2497
361,2498
362,2499
363,2501
364,2502
365,2503
366,2531
367,2533
368,2540
369,2573
370,2579
371,2585
372,2586
373,2587
374,2588
375,2590
376,2593
377,2594
378,2597
379,2599
380,2602
381,2607
382,2612
383,2613
384,2651
385,2652
386,2653
387,2654
388,2656
389,2659
390,2664
391,2666
392,2667
393,2668
394,2669
395,2670
396,2673
397,2674
398,2676
399,2678
400,2681
401,2683
402,2685
403,2686
404,2687
405,2689
406,2692
407,2693
408,2694
409,2695
410,2698
411,2700
412,2702
413,2705
414,2706
415,2708
416,2715
417,2721
418,2722
419,2726
420,2729
421,2730
422,2733
423,2734
424,2735
425,2736
426,2737
427,2742
428,2743
429,2747
430,2749
431,2750
432,2751
433,2752
434,2753
435,2754
436,2760
437,2761
438,2762
439,2763
440,2764
441,2767
442,2768
443,2769
444,2773
445,2776
446,2777
447,2778
448,2780
449,2782
450,2784
451,2788
452,2789
453,2790
454,2791
455,2792
456,2795
457,2796
458,2798
459,2801
460,2802
461,2804
462,2805
463,2806
464,2809
465,2810
466,2811
467,2812
468,2813
469,2814
470,2815
471,2816
472,2818
473,2819
474,2820
475,2830
476,2831
477,2871
478,2872
479,2874
480,2875
481,2876
482,2877
483,2882
484,2883
485,2884
486,2892
487,2894
488,2897
489,2899
490,2901
491,2903
492,2904
493,2905
494,2907
495,2908
496,2910
497,2911
498,2914
499,2915
500,2916
501,2917
502,2918
503,2922
504,2923
505,2924
506,2925
507,2926
508,2927
509,2929
510,2930
511,2931
512,2932
513,2933
514,2934
515,2961
516,2970
517,2975
518,2978
519,2980
520,2981
521,2982
522,2983
523,2986
524,2987
525,2991
526,2993
527,2994
528,2995
529,3001
530,3002
531,3003
532,3004
533,3010
534,3011
535,3020
536,3021
537,3023
538,3024
539,3028
540,3030
541,3031
542,3034
543,3035
544,3036
545,3038
546,3040
547,3041
548,3042
549,3045
550,3046
551,3048
552,3050
553,3053
554,3054
555,3058
556,3059
557,3063
558,3064
559,3065
560,3067
561,3068
562,3069
563,3070
564,3071
565,3073
566,3075
567,3076
568,3077
569,3079
570,3080
571,3082
572,3083
573,3085
574,3086
575,3087
576,3088
577,3089
578,3091
579,3092
580,3093
581,3094
582,3096
583,3097
584,3099
585,3101
586,3103
587,3104
588,3105
589,3106
590,3107
591,3109
592,3110
593,3111
594,3113
595,3116
596,3121
597,3123
598,3131
599,3132
600,3133
601,3134
602,3135
603,3137
604,3138
605,3139
606,3140
607,3141
608,3143
609,3148
610,3150
611,3151
612,3153
613,3154
614,3156
615,3157
616,3159
617,3160
618,3161
619,3166
620,3167
621,3168
622,3169
623,3172
624,3173
625,3174
626,3175
627,3176
628,3177
629,3178
630,3179
631,3180
632,3181
633,3182
634,3183
635,3184
636,3185
637,3186
638,3187
639,3189
640,3190
641,3191
642,3192
643,3193
644,3195
645,3196
646,3197
647,3198
648,3199
649,3201
650,3202
651,3204
652,3205
653,3221
654,3222
655,3223
656,3224
657,3228
658,3231
659,3232
660,3236
661,3237
662,3238
663,3241
664,3242
665,3244
666,3245
667,3246
668,3248
669,3252
670,3254
671,3261
672,3264
673,3266
674,3267
675,3271
676,3275
677,3276
678,3277
679,3280
680,3284
681,3286
682,3288
683,3289
684,3291
685,3293
686,3294
687,3297
688,3299
689,3300
690,3302
691,3306
692,3315
693,3316
694,3317
695,3319
696,3320
697,3321
698,3322
699,3323
700,3326
701,3328
702,3329
703,3333
704,3341
705,3347
706,3349
707,3350
708,3352
709,3353
710,3355
711,3356
712,3358
713,3359
714,3360
715,3361
716,3370
717,3371
718,3372
719,3374
720,3375
721,3377
722,3382
723,3386
724,3387
725,3388
726,3390
727,3391
728,3392
729,3393
730,3395
731,3396
732,3397
733,3399
734,3401
735,3402
736,3405
737,3407
738,3409
739,3415
740,3416
741,3417
742,3418
743,3420
744,3421
745,3422
746,3423
747,3426
748,3431
749,3433
750,3434
751,3435
752,3436
753,3437
754,3439
755,3440
756,3441
757,3443
758,3444
759,3445
760,3446
761,3447
762,3449
763,3452
764,3454
765,3457
766,3458
767,3461
768,3464
769,3465
770,3467
771,3469
772,3474
773,3475
774,3477
775,3479
776,3480
777,3482
778,3484
779,3486
780,3489
781,3490
782,3491
783,3494
784,3495
785,3496
786,3497
787,3498
788,3501
789,3512
790,3513
791,3521
792,3524
793,3526
794,3528
795,3529
796,3536
797,3537
798,3538
799,3539
800,3540
801,3541
802,3542
803,3543
804,3544
805,3546
806,3547
807,3548
808,3549
809,3550
810,3551
811,3553
812,3556
813,3557
814,3558
815,3559
816,3560
817,3561
818,3562
819,3563
820,3565
821,3566
822,3569
823,3571
824,3577
825,3578
826,3580
827,3583
828,3591
829,3593
830,3597
831,3598
832,3600
833,3604
834,3607
835,3608
836,3611
837,3612
838,3622
839,3623
840,3624
841,3625
842,3626
843,3627
844,3628
845,3632
846,3633
847,3634
848,3635
849,3636
850,3639
851,3640
852,3641
853,3645
854,3646
855,3647
856,3648
857,3649
858,3652
859,3653
860,3655
861,3656
862,3657
863,3658
864,3659
865,3660
866,3661
867,3662
868,3663
869,3664
870,3665
871,3666
872,3667
873,3668
874,3670
875,3671
876,3672
877,3673
878,3674
879,3675
880,3676
881,3677
882,3678
883,3679
884,3680
885,3681
886,3682
887,3683
888,3686
889,3687
890,3688
891,3690
892,3691
893,3692
894,3694
895,3695
896,3696
897,3697
898,3698
899,3708
900,3710
901,3712
902,3719
903,3723
904,3726
905,3727
906,3733
907,3738
908,3741
909,3744
910,3747
911,3750
912,3753
913,3758
914,3760
915,3762
916,3763
917,3765
918,3766
919,3768
920,3769
921,3770
922,3771
923,3772
924,3773
925,3774
926,3776
927,3777
928,3778
929,3779
930,3782
931,3784
932,3787
933,3788
934,3791
935,3793
936,3796
937,3798
938,3799
939,3800
940,3802
941,3803
942,3804
943,3807
944,3810
945,3814
946,3815
947,3816
948,3817
949,3823
950,3825
951,3826
952,3834
953,3835
954,3836
955,3837
956,3839
957,3840
958,3841
959,3842
960,3843
961,3844
962,3845
963,3847
964,3848
965,3850
966,3851
967,3852
968,3853
969,3854
970,3856
971,3857
972,3858
973,3861
974,3863
975,3864
976,3865
977,3877
978,3878
979,3880
980,3891
981,3892
982,3895
983,3896
984,3900
985,3901
986,3902
987,3903
988,3904
989,3905
990,3906
991,3907
992,3908
993,3909
994,3910
995,3911
996,3912
997,3913
998,3914
999,3915
1000,3916
1001,3917
1002,3918
1003,3919
1004,3920
1005,3921
1006,3922
1007,3923
1008,3924
1009,3925
1010,3926
1011,3927
1012,3928
1013,3929
1014,3930
1015,3931
1016,3932
1017,3933
1018,3934
1019,3935
1020,3936
1021,3937
1022,3939
1023,3940
1024,3941
1025,3944
1026,3945
1027,3946
1028,3947
1029,3948
1030,3950
1031,3951
1032,3953
1033,3954
1034,3955
1035,3956
1036,3960
1037,3961
1038,3962
1039,3963
1040,3964
1041,3965
1042,3966
1043,3967
1044,3968
1045,3969
1046,3970
1047,3974
1048,3976
1049,3978
1050,3979
1051,3981
1052,3983
1053,3984
1054,3985
1055,3986
1056,3987
1057,3988
1058,3989
1059,3990
1060,3991
1061,3992
1062,3993
1063,3994
1064,3995
1065,3996
1066,3997
1067,3998
1068,3999
1069,4004
1070,4005
1071,4008
1072,4011
1073,4012
1074,4013
1075,4014
1076,4015
1077,4016
1078,4017
1079,4019
1080,4020
1081,4021
1082,4022
1083,4023
1084,4025
1085,4026
1086,4027
1087,4028
1088,4031
1089,4041
1090,4042
1091,4043
1092,4044
1093,4045
1094,4046
1095,4047
1096,4051
1097,4052
1098,4053
1099,4054
1100,4055
1101,4056
1102,4057
1103,4058
1104,4059
1105,4060
1106,4061
1107,4062
1108,4063
1109,4064
1110,4068
1111,4069
1112,4071
1113,4072
1114,4073
1115,4074
1116,4075
1117,4076
1118,4078
1119,4080
1120,4082
1121,4088
1122,4091
1123,4092
1124,4093
1125,4094
1126,4095
1127,4097
1128,4098
1129,4099
1130,4100
1131,4102
1132,4107
1133,4109
1134,4112
1135,4113
1136,4114
1137,4116
1138,4118
1139,4119
1140,4120
1141,4124
1142,4125
1143,4151
1144,4165
1145,4166
1146,4167
1147,4168
1148,4169
1149,4170
1150,4171
1151,4172
1152,4173
1153,4174
1154,4175
1155,4176
1156,4177
1157,4178
1158,4179
1159,4180
1160,4182
1161,4183
1162,4185
1163,4186
1164,4187
1165,4188
1166,4189
1167,4192
1168,4193
1169,4194
1170,4196
1171,4198
1172,4199
1173,4200
1174,4202
1175,4203
1176,4204
1177,4205
1178,4206
1179,4208
1180,4212
1181,4215
1182,4216
1183,4218
1184,4220
1185,4221
1186,4222
1187,4224
1188,4228
1189,4229
1190,4231
1191,4234
1192,4235
1193,4237
1194,4238
1195,4240
1196,4241
1197,4242
1198,4243
1199,4245
1200,4246
1201,4248
1202,4249
1203,4251
1204,4255
1205,4256
1206,4258
1207,4259
1208,4260
1209,4261
1210,4262
1211,4263
1212,4264
1213,4265
1214,4272
1215,4274
1216,4275
1217,4284
1218,4286
1219,4287
1220,4288
1221,4290
1222,4293
1223,4295
1224,4298
1225,4299
1226,4301
1227,4304
1228,4307
1229,4308
1230,4310
1231,4312
1232,4316
1233,4317
1234,4318
1235,4319
1236,4320
1237,4323
1238,4324
1239,4326
1240,4327
1241,4331
1242,4333
1243,4334
1244,4335
1245,4336
1246,4337
1247,4341
1248,4343
1249,4344
1250,4345
1251,4346
1252,4347
1253,4348
1254,4350
1255,4351
1256,4355
1257,4356
1258,4360
1259,4361
1260,4362
1261,4365
1262,4366
1263,4367
1264,4368
1265,4369
1266,4370
1267,4371
1268,4372
1269,4373
1270,4374
1271,4375
1272,4376
1273,4377
1274,4378
1275,4379
1276,4380
1277,4381
1278,4382
1279,4384
1280,4385
1281,4386
1282,4387
1283,4388
1284,4389
1285,4390
1286,4391
1287,4392
1288,4393
1289,4394
1290,4395
1291,4396
1292,4397
1293,4398
1294,4401
1295,4403
1296,4404
1297,4406
1298,4409
1299,4410
1300,4412
1301,4413
1302,4414
1303,4415
1304,4416
1305,4417
1306,4418
1307,4419
1308,4420
1309,4421
1310,4422
1311,4423
1312,4424
1313,4425
1314,4427
1315,4428
1316,4429
1317,4430
1318,4431
1319,4432
1320,4433
1321,4434
1322,4435
1323,4436
1324,4437
1325,4438
1326,4439
1327,4440
1328,4441
1329,4442
1330,4443
1331,4444
1332,4445
1333,4446
1334,4448
1335,4449
1336,4450
1337,4452
1338,4461
1339,4462
1340,4463
1341,4464
1342,4465
1343,4471
1344,4475
1345,4476
1346,4477
1347,4478
1348,4479
1349,4480
1350,4481
1351,4482
1352,4483
1353,4484
1354,4485
1355,4486
1356,4487
1357,4488
1358,4489
1359,4490
1360,4491
1361,4492
1362,4493
1363,4494
1364,4495
1365,4496
1366,4498
1367,4499
1368,4502
1369,4503
1370,4506
1371,4507
1372,4512
1373,4516
1374,4519
1375,4521
1376,4523
1377,4524
1378,4526
1379,4527
1380,4528
1381,4530
1382,4531
1383,4534
1384,4536
1385,4538
1386,4539
1387,4540
1388,4541
1389,4543
1390,4544
1391,4547
1392,4548
1393,4549
1394,4550
1395,4551
1396,4552
1397,4553
1398,4554
1399,4556
1400,4558
1401,4559
1402,4563
1403,4564
1404,4565
1405,4568
1406,4569
1407,4570
1408,4571
1409,4572
1410,4574
1411,4575
1412,4576
1413,4577
1414,4578
1415,4579
1416,4581
1417,4582
1418,4583
1419,4584
1420,4586
1421,4587
1422,4588
1423,4591
1424,4592
1425,4593
1426,4594
1427,4595
1428,4596
1429,4597
1430,4598
1431,4599
1432,4611
1433,4612
1434,4613
1435,4615
1436,4616
1437,4617
1438,4619
1439,4620
1440,4621
1441,4623
1442,4624
1443,4625
1444,4626
1445,4627
1446,4628
1447,4629
1448,4631
1449,4633
1450,4634
1451,4635
1452,4636
1453,4641
1454,4642
1455,4644
1456,4645
1457,4650
1458,4651
1459,4653
1460,4657
1461,4658
1462,4659
1463,4661
1464,4662
1465,4664
1466,4665
1467,4666
1468,4667
1469,4668
1470,4671
1471,4673
1472,4674
1473,4676
1474,4678
1475,4679
1476,4680
1477,4681
1478,4684
1479,4685
1480,4686
1481,4687
1482,4689
1483,4690
1484,4691
1485,4694
1486,4699
1487,4704
1488,4705
1489,4707
1490,4708
1491,4709
1492,4712
1493,4714
1494,4716
1495,4718
1496,4719
1497,4720
1498,4722
1499,4725
1500,4726
1501,4728
1502,4732
1503,4733
1504,4735
1505,4736
1506,4739
1507,4743
1508,4745
1509,4746
1510,4748
1511,4750
1512,4751
1513,4752
1514,4754
1515,4755
1516,4760
1517,4761
1518,4762
1519,4763
1520,4764
1521,4765
1522,4766
1523,4767
1524,4768
1525,4769
1526,4770
1527,4771
1528,4772
1529,4776
1530,4777
1531,4781
1532,4783
1533,4784
1534,4792
1535,4800
1536,4801
1537,4809
1538,4812
1539,4813
1540,4814
1541,4816
1542,4819
1543,4820
1544,4824
1545,4825
1546,4826
1547,4828
1548,4829
1549,4832
1550,4833
1551,4837
1552,4838
1553,4839
1554,4840
1555,4845
1556,4847
1557,4848
1558,4849
1559,4875
1560,4880
1561,4881
1562,4882
1563,4883
1564,4884
1565,4885
1566,4886
1567,4887
1568,4888
1569,4889
1570,4901
1571,4902
1572,4911
1573,4912
1574,4914
1575,4917
1576,4918
1577,4919
1578,4920
1579,4921
1580,4922
1581,4923
1582,4925
1583,4926
1584,4927
1585,4928
1586,4929
1587,4930
1588,4931
1589,4932
1590,4933
1591,4934
1592,4935
1593,4936
1594,4937
1595,4951
1596,4955
1597,4956
1598,4957
1599,4958
1600,4960
1601,4962
1602,4963
1603,4966
1604,4967
1605,4968
1606,4970
1607,4971
1608,4972
1609,4973
1610,4974
1611,4975
1612,4976
1613,4977
1614,4978
1615,4979
1616,4980
1617,4985
1618,4987
1619,4990
1620,4992
1621,4994
1622,4996
1623,4997
1624,4998
1625,4999
1626,5008
1627,5009
1628,5010
1629,5011
1630,5013
1631,5015
1632,5017
1633,5018
1634,5019
1635,5020
1636,5021
1637,5070
1638,5071
1639,5074
1640,5076
1641,5101
1642,5103
1643,5104
1644,5105
1645,5108
1646,5110
1647,5121
1648,5122
1649,5142
1650,5161
1651,5162
1652,5184
1653,5185
1654,5186
1655,5187
1656,5189
1657,5191
1658,5192
1659,5194
1660,5195
1661,5199
1662,5201
1663,5202
1664,5204
1665,5208
1666,5210
1667,5212
1668,5214
1669,5216
1670,5217
1671,5218
1672,5232
1673,5233
1674,5237
1675,5261
1676,5262
1677,5268
1678,5269
1679,5271
1680,5273
1681,5277
1682,5279
1683,5280
1684,5282
1685,5283
1686,5284
1687,5285
1688,5287
1689,5288
1690,5290
1691,5301
1692,5302
1693,5304
1694,5310
1695,5331
1696,5332
1697,5333
1698,5334
1699,5337
1700,5341
1701,5344
1702,5351
1703,5352
1704,5355
1705,5357
1706,5358
1707,5363
1708,5367
1709,5368
1710,5380
1711,5381
1712,5384
1713,5386
1714,5387
1715,5388
1716,5391
1717,5393
1718,5395
1719,5401
1720,5406
1721,5408
1722,5410
1723,5411
1724,5423
1725,5440
1726,5444
1727,5445
1728,5446
1729,5449
1730,5451
1731,5458
1732,5463
1733,5464
1734,5471
1735,5476
1736,5480
1737,5481
1738,5482
1739,5484
1740,5486
1741,5491
1742,5541
1743,5542
1744,5563
1745,5602
1746,5603
1747,5609
1748,5610
1749,5612
1750,5631
1751,5632
1752,5644
1753,5658
1754,5659
1755,5660
1756,5695
1757,5697
1758,5698
1759,5699
1760,5702
1761,5703
1762,5704
1763,5706
1764,5707
1765,5711
1766,5713
1767,5714
1768,5715
1769,5721
1770,5724
1771,5726
1772,5727
1773,5729
1774,5741
1775,5742
1776,5753
1777,5757
1778,5759
1779,5781
1780,5801
1781,5802
1782,5803
1783,5805
1784,5807
1785,5809
1786,5816
1787,5817
1788,5819
1789,5820
1790,5821
1791,5851
1792,5852
1793,5856
1794,5857
1795,5858
1796,5900
1797,5901
1798,5902
1799,5903
1800,5905
1801,5906
1802,5907
1803,5909
1804,5911
1805,5915
1806,5921
1807,5922
1808,5923
1809,5928
1810,5929
1811,5930
1812,5932
1813,5933
1814,5935
1815,5936
1816,5938
1817,5939
1818,5940
1819,5941
1820,5942
1821,5943
1822,5945
1823,5946
1824,5947
1825,5949
1826,5950
1827,5951
1828,5952
1829,5955
1830,5956
1831,5957
1832,5958
1833,5959
1834,5962
1835,5964
1836,5965
1837,5966
1838,5967
1839,5969
1840,5970
1841,5971
1842,5973
1843,5974
1844,5975
1845,5976
1846,5981
1847,5982
1848,5983
1849,5984
1850,5985
1851,5986
1852,5987
1853,5988
1854,5989
1855,5990
1856,5991
1857,5992
1858,5994
1859,5997
1860,5998
1861,5999
1862,6005
1863,6013
1864,6016
1865,6018
1866,6022
1867,6023
1868,6026
1869,6027
1870,6028
1871,6029
1872,6030
1873,6031
1874,6032
1875,6033
1876,6034
1877,6035
1878,6036
1879,6037
1880,6038
1881,6039
1882,6040
1883,6042
1884,6044
1885,6045
1886,6046
1887,6047
1888,6048
1889,6049
1890,6050
1891,6054
1892,6055
1893,6058
1894,6059
1895,6060
1896,6061
1897,6062
1898,6063
1899,6067
1900,6069
1901,6070
1902,6071
1903,6072
1904,6073
1905,6074
1906,6078
1907,6080
1908,6081
1909,6082
1910,6083
1911,6085
1912,6086
1913,6087
1914,6088
1915,6089
1916,6090
1917,6091
1918,6092
1919,6093
1920,6094
1921,6095
1922,6096
1923,6098
1924,6099
1925,6101
1926,6103
1927,6104
1928,6113
1929,6118
1930,6121
1931,6125
1932,6131
1933,6134
1934,6135
1935,6136
1936,6137
1937,6138
1938,6140
1939,6141
1940,6143
1941,6144
1942,6145
1943,6146
1944,6147
1945,6149
1946,6150
1947,6151
1948,6155
1949,6156
1950,6157
1951,6158
1952,6159
1953,6161
1954,6164
1955,6165
1956,6166
1957,6167
1958,6171
1959,6172
1960,6173
1961,6175
1962,6176
1963,6177
1964,6178
1965,6180
1966,6181
1967,6182
1968,6183
1969,6184
1970,6185
1971,6186
1972,6188
1973,6189
1974,6190
1975,6191
1976,6192
1977,6193
1978,6194
1979,6195
1980,6196
1981,6197
1982,6198
1983,6199
1984,6200
1985,6201
1986,6203
1987,6205
1988,6208
1989,6210
1990,6217
1991,6218
1992,6222
1993,6227
1994,6229
1995,6230
1996,6231
1997,6232
1998,6233
1999,6235
2000,6236
2001,6237
2002,6238
2003,6239
2004,6240
2005,6245
2006,6246
2007,6247
2008,6248
2009,6249
2010,6250
2011,6254
2012,6255
2013,6257
2014,6258
2015,6262
2016,6264
2017,6265
2018,6266
2019,6267
2020,6268
2021,6269
2022,6271
2023,6272
2024,6273
2025,6276
2026,6277
2027,6278
2028,6279
2029,6282
2030,6284
2031,6286
2032,6287
2033,6289
2034,6291
2035,6292
2036,6293
2037,6294
2038,6297
2039,6298
2040,6301
2041,6302
2042,6303
2043,6305
2044,6306
2045,6307
2046,6309
2047,6310
2048,6312
2049,6315
2050,6316
2051,6317
2052,6319
2053,6322
2054,6323
2055,6324
2056,6325
2057,6326
2058,6327
2059,6328
2060,6330
2061,6331
2062,6332
2063,6333
2064,6334
2065,6335
2066,6336
2067,6337
2068,6338
2069,6339
2070,6340
2071,6342
2072,6343
2073,6345
2074,6346
2075,6347
2076,6349
2077,6351
2078,6355
2079,6356
2080,6357
2081,6358
2082,6360
2083,6361
2084,6362
2085,6363
2086,6364
2087,6365
2088,6366
2089,6367
2090,6368
2091,6369
2092,6370
2093,6371
2094,6373
2095,6376
2096,6378
2097,6379
2098,6380
2099,6381
2100,6382
2101,6383
2102,6384
2103,6387
2104,6390
2105,6391
2106,6392
2107,6393
2108,6395
2109,6396
2110,6400
2111,6402
2112,6403
2113,6405
2114,6406
2115,6407
2116,6408
2117,6409
2118,6411
2119,6412
2120,6413
2121,6416
2122,6417
2123,6418
2124,6419
2125,6420
2126,6424
2127,6425
2128,6428
2129,6430
2130,6432
2131,6433
2132,6436
2133,6440
2134,6444
2135,6445
2136,6448
2137,6454
2138,6455
2139,6457
2140,6458
2141,6459
2142,6460
2143,6461
2144,6462
2145,6463
2146,6464
2147,6465
2148,6466
2149,6467
2150,6469
2151,6470
2152,6471
2153,6472
2154,6473
2155,6474
2156,6479
2157,6480
2158,6481
2159,6482
2160,6484
2161,6485
2162,6486
2163,6488
2164,6489
2165,6490
2166,6492
2167,6493
2168,6494
2169,6495
2170,6496
2171,6497
2172,6498
2173,6501
2174,6502
2175,6503
2176,6504
2177,6505
2178,6506
2179,6507
2180,6508
2181,6513
2182,6516
2183,6517
2184,6518
2185,6521
2186,6522
2187,6523
2188,6524
2189,6532
2190,6533
2191,6535
2192,6537
2193,6538
2194,6539
2195,6540
2196,6541
2197,6542
2198,6543
2199,6544
2200,6545
2201,6546
2202,6547
2203,6548
2204,6549
2205,6550
2206,6551
2207,6552
2208,6553
2209,6554
2210,6555
2211,6556
2212,6557
2213,6558
2214,6560
2215,6561
2216,6562
2217,6563
2218,6564
2219,6565
2220,6566
2221,6567
2222,6568
2223,6569
2224,6570
2225,6571
2226,6572
2227,6573
2228,6574
2229,6575
2230,6577
2231,6578
2232,6579
2233,6580
2234,6584
2235,6586
2236,6588
2237,6590
2238,6592
2239,6594
2240,6597
2241,6599
2242,6612
2243,6613
2244,6614
2245,6615
2246,6616
2247,6617
2248,6618
2249,6619
2250,6620
2251,6622
2252,6625
2253,6626
2254,6627
2255,6629
2256,6630
2257,6632
2258,6633
2259,6634
2260,6635
2261,6637
2262,6638
2263,6639
2264,6640
2265,6641
2266,6643
2267,6644
2268,6645
2269,6647
2270,6648
2271,6651
2272,6652
2273,6653
2274,6654
2275,6656
2276,6658
2277,6659
2278,6662
2279,6663
2280,6664
2281,6666
2282,6668
2283,6670
2284,6674
2285,6675
2286,6676
2287,6677
2288,6678
2289,6694
2290,6696
2291,6698
2292,6699
2293,6701
2294,6702
2295,6703
2296,6704
2297,6706
2298,6707
2299,6715
2300,6718
2301,6721
2302,6723
2303,6724
2304,6727
2305,6728
2306,6730
2307,6731
2308,6734
2309,6736
2310,6737
2311,6740
2312,6741
2313,6742
2314,6743
2315,6744
2316,6745
2317,6748
2318,6750
2319,6752
2320,6753
2321,6754
2322,6755
2323,6757
2324,6758
2325,6762
2326,6763
2327,6768
2328,6769
2329,6770
2330,6771
2331,6772
2332,6775
2333,6776
2334,6777
2335,6778
2336,6779
2337,6785
2338,6786
2339,6787
2340,6788
2341,6789
2342,6794
2343,6798
2344,6800
2345,6803
2346,6804
2347,6806
2348,6807
2349,6809
2350,6810
2351,6814
2352,6815
2353,6817
2354,6819
2355,6820
2356,6822
2357,6823
2358,6824
2359,6826
2360,6832
2361,6834
2362,6835
2363,6836
2364,6837
2365,6838
2366,6840
2367,6841
2368,6844
2369,6845
2370,6848
2371,6849
2372,6850
2373,6853
2374,6855
2375,6856
2376,6857
2377,6858
2378,6859
2379,6861
2380,6862
2381,6863
2382,6864
2383,6866
2384,6867
2385,6869
2386,6870
2387,6871
2388,6874
2389,6875
2390,6877
2391,6879
2392,6881
2393,6882
2394,6888
2395,6890
2396,6894
2397,6897
2398,6898
2399,6899
2400,6901
2401,6902
2402,6904
2403,6905
2404,6907
2405,6908
2406,6912
2407,6914
2408,6915
2409,6916
2410,6918
2411,6919
2412,6920
2413,6923
2414,6924
2415,6925
2416,6926
2417,6927
2418,6928
2419,6929
2420,6930
2421,6932
2422,6937
2423,6938
2424,6941
2425,6942
2426,6943
2427,6946
2428,6947
2429,6951
2430,6952
2431,6954
2432,6955
2433,6957
2434,6958
2435,6960
2436,6961
2437,6962
2438,6963
2439,6964
2440,6965
2441,6966
2442,6967
2443,6969
2444,6971
2445,6973
2446,6976
2447,6977
2448,6981
2449,6982
2450,6986
2451,6988
2452,6989
2453,6993
2454,6994
2455,6995
2456,6996
2457,6997
2458,6998
2459,6999
2460,7003
2461,7004
2462,7011
2463,7012
2464,7013
2465,7014
2466,7018
2467,7021
2468,7022
2469,7030
2470,7031
2471,7033
2472,7034
2473,7035
2474,7036
2475,7037
2476,7038
2477,7039
2478,7040
2479,7041
2480,7042
2481,7043
2482,7044
2483,7045
2484,7046
2485,7047
2486,7048
2487,7049
2488,7050
2489,7057
2490,7058
2491,7059
2492,7060
2493,7061
2494,7062
2495,7063
2496,7064
2497,7065
2498,7066
2499,7067
2500,7068
2501,7069
2502,7070
2503,7071
2504,7072
2505,7073
2506,7074
2507,7077
2508,7078
2509,7079
2510,7080
2511,7081
2512,7082
2513,7083
2514,7084
2515,7085
2516,7086
2517,7087
2518,7088
2519,7089
2520,7090
2521,7091
2522,7092
2523,7093
2524,7094
2525,7095
2526,7096
2527,7097
2528,7102
2529,7105
2530,7122
2531,7126
2532,7127
2533,7128
2534,7129
2535,7130
2536,7131
2537,7133
2538,7134
2539,7135
2540,7148
2541,7150
2542,7157
2543,7161
2544,7162
2545,7164
2546,7167
2547,7169
2548,7172
2549,7173
2550,7175
2551,7177
2552,7180
2553,7181
2554,7182
2555,7183
2556,7184
2557,7185
2558,7186
2559,7187
2560,7189
2561,7191
2562,7192
2563,7196
2564,7198
2565,7199
2566,7201
2567,7202
2568,7203
2569,7205
2570,7208
2571,7211
2572,7212
2573,7213
2574,7214
2575,7215
2576,7217
2577,7218
2578,7219
2579,7220
2580,7222
2581,7224
2582,7226
2583,7228
2584,7229
2585,7231
2586,7235
2587,7236
2588,7238
2589,7239
2590,7240
2591,7241
2592,7242
2593,7244
2594,7245
2595,7246
2596,7247
2597,7250
2598,7254
2599,7255
2600,7256
2601,7259
2602,7261
2603,7264
2604,7265
2605,7266
2606,7267
2607,7268
2608,7269
2609,7270
2610,7271
2611,7272
2612,7273
2613,7276
2614,7277
2615,7278
2616,7279
2617,7280
2618,7282
2619,7283
2620,7284
2621,7287
2622,7291
2623,7292
2624,7294
2625,7296
2626,7297
2627,7298
2628,7299
2629,7305
2630,7309
2631,7313
2632,7314
2633,7315
2634,7317
2635,7318
2636,7320
2637,7322
2638,7325
2639,7326
2640,7327
2641,7337
2642,7338
2643,7339
2644,7342
2645,7343
2646,7345
2647,7347
2648,7350
2649,7351
2650,7352
2651,7353
2652,7354
2653,7356
2654,7357
2655,7358
2656,7359
2657,7360
2658,7361
2659,7362
2660,7363
2661,7365
2662,7366
2663,7367
2664,7368
2665,7369
2666,7370
2667,7371
2668,7372
2669,7373
2670,7374
2671,7375
2672,7376
2673,7377
2674,7378
2675,7379
2676,7380
2677,7381
2678,7383
2679,7399
2680,7408
2681,7412
2682,7413
2683,7414
2684,7416
2685,7417
2686,7419
2687,7420
2688,7421
2689,7422
2690,7425
2691,7426
2692,7427
2693,7433
2694,7434
2695,7435
2696,7438
2697,7442
2698,7443
2699,7444
2700,7445
2701,7446
2702,7447
2703,7450
2704,7451
2705,7453
2706,7455
2707,7456
2708,7458
2709,7459
2710,7460
2711,7461
2712,7462
2713,7463
2714,7464
2715,7466
2716,7467
2717,7472
2718,7475
2719,7476
2720,7477
2721,7480
2722,7481
2723,7482
2724,7483
2725,7486
2726,7487
2727,7490
2728,7494
2729,7500
2730,7501
2731,7502
2732,7504
2733,7505
2734,7506
2735,7508
2736,7509
2737,7510
2738,7512
2739,7513
2740,7514
2741,7515
2742,7516
2743,7518
2744,7520
2745,7521
2746,7522
2747,7523
2748,7524
2749,7525
2750,7527
2751,7531
2752,7532
2753,7537
2754,7538
2755,7539
2756,7544
2757,7545
2758,7550
2759,7551
2760,7552
2761,7554
2762,7555
2763,7559
2764,7561
2765,7562
2766,7564
2767,7565
2768,7567
2769,7570
2770,7571
2771,7575
2772,7578
2773,7581
2774,7585
2775,7590
2776,7593
2777,7595
2778,7596
2779,7597
2780,7599
2781,7600
2782,7601
2783,7602
2784,7603
2785,7604
2786,7605
2787,7606
2788,7607
2789,7608
2790,7609
2791,7610
2792,7611
2793,7613
2794,7614
2795,7615
2796,7616
2797,7618
2798,7619
2799,7621
2800,7623
2801,7624
2802,7625
2803,7628
2804,7630
2805,7634
2806,7635
2807,7636
2808,7637
2809,7638
2810,7640
2811,7643
2812,7646
2813,7647
2814,7649
2815,7670
2816,7671
2817,7673
2818,7674
2819,7676
2820,7677
2821,7678
2822,7679
2823,7680
2824,7681
2825,7682
2826,7683
2827,7685
2828,7686
2829,7687
2830,7689
2831,7692
2832,7694
2833,7695
2834,7697
2835,7698
2836,7701
2837,7702
2838,7705
2839,7707
2840,7709
2841,7711
2842,7713
2843,7715
2844,7716
2845,7717
2846,7718
2847,7719
2848,7721
2849,7722
2850,7723
2851,7725
2852,7726
2853,7727
2854,7729
2855,7730
2856,7731
2857,7732
2858,7733
2859,7734
2860,7735
2861,7739
2862,7740
2863,7741
2864,7743
2865,7744
2866,7745
2867,7746
2868,7747
2869,7748
2870,7749
2871,7751
2872,7752
2873,7758
2874,7760
2875,7762
2876,7769
2877,7771
2878,7774
2879,7775
2880,7776
2881,7777
2882,7779
2883,7780
2884,7781
2885,7782
2886,7791
2887,7792
2888,7800
2889,7803
2890,7804
2891,7805
2892,7806
2893,7807
2894,7808
2895,7809
2896,7810
2897,7811
2898,7812
2899,7813
2900,7814
2901,7815
2902,7816
2903,7817
2904,7818
2905,7819
2906,7820
2907,7821
2908,7822
2909,7823
2910,7826
2911,7827
2912,7829
2913,7831
2914,7832
2915,7833
2916,7836
2917,7837
2918,7838
2919,7839
2920,7840
2921,7841
2922,7844
2923,7846
2924,7847
2925,7849
2926,7850
2927,7851
2928,7856
2929,7857
2930,7859
2931,7860
2932,7862
2933,7863
2934,7864
2935,7865
2936,7867
2937,7868
2938,7871
2939,7872
2940,7874
2941,7875
2942,7877
2943,7878
2944,7879
2945,7883
2946,7885
2947,7886
2948,7887
2949,7888
2950,7893
2951,7895
2952,7896
2953,7897
2954,7898
2955,7899
2956,7901
2957,7902
2958,7905
2959,7906
2960,7908
2961,7911
2962,7912
2963,7914
2964,7915
2965,7916
2966,7917
2967,7918
2968,7919
2969,7921
2970,7922
2971,7923
2972,7925
2973,7927
2974,7928
2975,7931
2976,7932
2977,7936
2978,7937
2979,7938
2980,7939
2981,7940
2982,7942
2983,7943
2984,7944
2985,7945
2986,7946
2987,7947
2988,7949
2989,7951
2990,7952
2991,7953
2992,7955
2993,7956
2994,7957
2995,7958
2996,7961
2997,7962
2998,7963
2999,7965
3000,7966
3001,7970
3002,7971
3003,7972
3004,7974
3005,7975
3006,7976
3007,7979
3008,7980
3009,7981
3010,7983
3011,7984
3012,7985
3013,7986
3014,7987
3015,7988
3016,7989
3017,7990
3018,7991
3019,7992
3020,7994
3021,7995
3022,7997
3023,7999
3024,8001
3025,8002
3026,8005
3027,8006
3028,8007
3029,8008
3030,8011
3031,8012
3032,8013
3033,8014
3034,8015
3035,8016
3036,8018
3037,8020
3038,8022
3039,8023
3040,8025
3041,8029
3042,8030
3043,8031
3044,8032
3045,8035
3046,8037
3047,8038
3048,8039
3049,8040
3050,8041
3051,8043
3052,8045
3053,8046
3054,8050
3055,8051
3056,8052
3057,8053
3058,8056
3059,8057
3060,8058
3061,8059
3062,8060
3063,8061
3064,8065
3065,8066
3066,8068
3067,8070
3068,8072
3069,8074
3070,8075
3071,8077
3072,8078
3073,8079
3074,8081
3075,8084
3076,8085
3077,8086
3078,8088
3079,8089
3080,8091
3081,8093
3082,8095
3083,8096
3084,8097
3085,8098
3086,8101
3087,8103
3088,8104
3089,8105
3090,8107
3091,8111
3092,8113
3093,8114
3094,8115
3095,8117
3096,8118
3097,8119
3098,8123
3099,8125
3100,8127
3101,8129
3102,8130
3103,8131
3104,8132
3105,8133
3106,8135
3107,8136
3108,8137
3109,8138
3110,8139
3111,8140
3112,8141
3113,8142
3114,8143
3115,8144
3116,8147
3117,8150
3118,8151
3119,8152
3120,8153
3121,8154
3122,8155
3123,8157
3124,8158
3125,8159
3126,8160
3127,8163
3128,8165
3129,8166
3130,8167
3131,8168
3132,8173
3133,8174
3134,8179
3135,8181
3136,8182
3137,8185
3138,8194
3139,8198
3140,8200
3141,8202
3142,8203
3143,8207
3144,8208
3145,8209
3146,8214
3147,8215
3148,8217
3149,8218
3150,8219
3151,8225
3152,8226
3153,8227
3154,8230
3155,8233
3156,8237
3157,8242
3158,8244
3159,8247
3160,8249
3161,8252
3162,8253
3163,8254
3164,8255
3165,8256
3166,8260
3167,8267
3168,8273
3169,8275
3170,8276
3171,8278
3172,8279
3173,8281
3174,8282
3175,8283
3176,8285
3177,8287
3178,8289
3179,8291
3180,8303
3181,8304
3182,8306
3183,8308
3184,8309
3185,8316
3186,8331
3187,8334
3188,8336
3189,8337
3190,8338
3191,8341
3192,8342
3193,8343
3194,8344
3195,8345
3196,8346
3197,8349
3198,8350
3199,8354
3200,8355
3201,8358
3202,8359
3203,8360
3204,8361
3205,8362
3206,8364
3207,8365
3208,8366
3209,8367
3210,8368
3211,8369
3212,8370
3213,8377
3214,8381
3215,8382
3216,8383
3217,8385
3218,8386
3219,8387
3220,8388
3221,8392
3222,8393
3223,8395
3224,8399
3225,8410
3226,8411
3227,8416
3228,8418
3229,8424
3230,8425
3231,8439
3232,8462
3233,8473
3234,8508
3235,8511
3236,8515
3237,8518
3238,8521
3239,8522
3240,8524
3241,8527
3242,8530
3243,8537
3244,8541
3245,8542
3246,8544
3247,8550
3248,8551
3249,8558
3250,8562
3251,8563
3252,8566
3253,8570
3254,8572
3255,8584
3256,8585
3257,8591
3258,8593
3259,8595
3260,8596
3261,8600
3262,8601
3263,8604
3264,8609
3265,8613
3266,8614
3267,8616
3268,8617
3269,8622
3270,8624
3271,8628
3272,8630
3273,8697
3274,8698
3275,8699
3276,8700
3277,8704
3278,8705
3279,8706
3280,8707
3281,8708
3282,8713
3283,8714
3284,8715
3285,8725
3286,8732
3287,8737
3288,8739
3289,8740
3290,8742
3291,8746
3292,8747
3293,8750
3294,8766
3295,8769
3296,8771
3297,8772
3298,8783
3299,8789
3300,8793
3301,8795
3302,8798
3303,8801
3304,8802
3305,8803
3306,8804
3307,8806
3308,8818
3309,8830
3310,8835
3311,8836
3312,8841
3313,8842
3314,8844
3315,8848
3316,8850
3317,8854
3318,8860
3319,8864
3320,8869
3321,8871
3322,8876
3323,8877
3324,8881
3325,8886
3326,8887
3327,8889
3328,8890
3329,8891
3330,8892
3331,8893
3332,8894
3333,8897
3334,8898
3335,8903
3336,8904
3337,8905
3338,8908
3339,8909
3340,8912
3341,8914
3342,8917
3343,8918
3344,8919
3345,8920
3346,8922
3347,8923
3348,8925
3349,8927
3350,8928
3351,8929
3352,8931
3353,8934
3354,8935
3355,8938
3356,8940
3357,8944
3358,8945
3359,8946
3360,8995
3361,8999
3362,9001
3363,9003
3364,9005
3365,9006
3366,9007
3367,9008
3368,9009
3369,9010
3370,9012
3371,9014
3372,9017
3373,9020
3374,9021
3375,9022
3376,9024
3377,9025
3378,9028
3379,9029
3380,9031
3381,9033
3382,9034
3383,9036
3384,9037
3385,9039
3386,9041
3387,9042
3388,9044
3389,9045
3390,9046
3391,9048
3392,9049
3393,9051
3394,9052
3395,9055
3396,9057
3397,9058
3398,9059
3399,9060
3400,9063
3401,9064
3402,9065
3403,9066
3404,9067
3405,9068
3406,9069
3407,9070
3408,9072
3409,9073
3410,9074
3411,9075
3412,9076
3413,9078
3414,9081
3415,9082
3416,9083
3417,9086
3418,9087
3419,9090
3420,9099
3421,9101
3422,9104
3423,9107
3424,9110
3425,9115
3426,9119
3427,9127
3428,9130
3429,9142
3430,9143
3431,9145
3432,9147
3433,9171
3434,9173
3435,9176
3436,9179
3437,9193
3438,9201
3439,9202
3440,9206
3441,9211
3442,9212
3443,9232
3444,9233
3445,9240
3446,9241
3447,9242
3448,9244
3449,9245
3450,9246
3451,9247
3452,9248
3453,9249
3454,9250
3455,9251
3456,9252
3457,9253
3458,9254
3459,9256
3460,9258
3461,9259
3462,9260
3463,9262
3464,9263
3465,9264
3466,9265
3467,9267
3468,9268
3469,9270
3470,9271
3471,9272
3472,9273
3473,9274
3474,9275
3475,9278
3476,9279
3477,9281
3478,9282
3479,9283
3480,9284
3481,9285
3482,9286
3483,9287
3484,9301
3485,9302
3486,9303
3487,9304
3488,9305
3489,9306
3490,9307
3491,9308
3492,9310
3493,9311
3494,9312
3495,9313
3496,9318
3497,9319
3498,9322
3499,9324
3500,9325
3501,9326
3502,9327
3503,9351
3504,9353
3505,9355
3506,9358
3507,9360
3508,9361
3509,9362
3510,9363
3511,9364
3512,9365
3513,9366
3514,9367
3515,9368
3516,9369
3517,9375
3518,9376
3519,9377
3520,9380
3521,9381
3522,9384
3523,9385
3524,9386
3525,9399
3526,9401
3527,9404
3528,9405
3529,9408
3530,9409
3531,9412
3532,9413
3533,9414
3534,9416
3535,9417
3536,9418
3537,9419
3538,9421
3539,9422
3540,9423
3541,9424
3542,9425
3543,9428
3544,9432
3545,9433
3546,9434
3547,9435
3548,9436
3549,9438
3550,9439
3551,9441
3552,9444
3553,9445
3554,9446
3555,9449
3556,9450
3557,9466
3558,9467
3559,9468
3560,9470
3561,9474
3562,9475
3563,9476
3564,9478
3565,9479
3566,9501
3567,9502
3568,9503
3569,9504
3570,9505
3571,9506
3572,9507
3573,9508
3574,9509
3575,9511
3576,9513
3577,9514
3578,9517
3579,9519
3580,9522
3581,9531
3582,9532
3583,9533
3584,9534
3585,9535
3586,9536
3587,9537
3588,9539
3589,9543
3590,9551
3591,9600
3592,9601
3593,9602
3594,9603
3595,9605
3596,9610
3597,9612
3598,9613
3599,9616
3600,9619
3601,9621
3602,9622
3603,9625
3604,9627
3605,9628
3606,9629
3607,9631
3608,9632
3609,9633
3610,9635
3611,9636
3612,9637
3613,9639
3614,9640
3615,9641
3616,9644
3617,9647
3618,9651
3619,9656
3620,9658
3621,9661
3622,9663
3623,9672
3624,9675
3625,9678
3626,9679
3627,9682
3628,9684
3629,9685
3630,9686
3631,9687
3632,9691
3633,9692
3634,9695
3635,9696
3636,9697
3637,9698
3638,9699
3639,9701
3640,9702
3641,9704
3642,9706
3643,9708
3644,9709
3645,9713
3646,9715
3647,9716
3648,9717
3649,9719
3650,9720
3651,9722
3652,9723
3653,9726
3654,9728
3655,9729
3656,9731
3657,9733
3658,9734
3659,9735
3660,9739
3661,9740
3662,9742
3663,9743
3664,9744
3665,9746
3666,9749
3667,9753
3668,9755
3669,9757
3670,9759
3671,9760
3672,9761
3673,9763
3674,9765
3675,9766
3676,9767
3677,9768
3678,9769
3679,9776
3680,9778
3681,9780
3682,9782
3683,9783
3684,9787
3685,9788
3686,9790
3687,9791
3688,9793
3689,9795
3690,9799
3691,9810
3692,9812
3693,9816
3694,9818
3695,9820
3696,9823
3697,9824
3698,9827
3699,9828
3700,9830
3701,9831
3702,9832
3703,9835
3704,9837
3705,9842
3706,9843
3707,9845
3708,9846
3709,9849
3710,9850
3711,9852
3712,9853
3713,9854
3714,9856
3715,9857
3716,9861
3717,9867
3718,9869
3719,9872
3720,9873
3721,9876
3722,9878
3723,9880
3724,9882
3725,9885
3726,9887
3727,9888
3728,9889
3729,9890
3730,9895
3731,9896
3732,9900
3733,9902
3734,9903
3735,9904
3736,9906
3737,9908
3738,9913
3739,9914
3740,9919
3741,9927
3742,9928
3743,9929
3744,9930
3745,9932
3746,9934
3747,9936
3748,9941
3749,9945
3750,9946
3751,9948
3752,9950
3753,9955
3754,9956
3755,9959
3756,9960
3757,9962
3758,9964
3759,9967
3760,9969
3761,9972
3762,9973
3763,9974
3764,9976
3765,9977
3766,9978
3767,9979
3768,9980
3769,9982
3770,9983
3771,9984
3772,9986
3773,9987
3774,9989
3775,9990
3776,9991
3777,9993
3778,9994
3779,9995
3780,9996
3781,9997
